"id","date","category","title","amount_rub","status"
"demo-1","2026-10-01","Продукты","Учебная корзина","2500","confirmed"
"demo-2","2026-10-02","Транспорт","Проезд","200","confirmed"
"demo-3","2026-10-03","Дом","Расходные материалы","800","confirmed"
"demo-4","2026-10-04","Обучение","Материалы кружка","1500","confirmed"
"demo-5","2026-10-05","Продукты","Овощи","1200","confirmed"
"demo-6","2026-10-06","Досуг","Мастер-класс","1000","confirmed"
"demo-7","2026-10-07","Транспорт","Проезд","200","confirmed"
"demo-8","2026-10-08","Дом","Растение","600","confirmed"
"demo-9","2026-10-09","Продукты","Покупка со спорной суммой","","needs_confirmation"
