"id","field","value"
"demo-1","Название","Эксперт по личным проектам"
"demo-2","Основная услуга","Разбор идеи"
"demo-3","Описание","Одна встреча и план из трёх действий"
"demo-4","Цена для демонстрации","2500 ₽"
"demo-5","Кнопка","Оставить учебную заявку"
"demo-6","Контакт","demo@example.com"
"demo-7","Подпись","Вымышленный проект. Это не предложение реальных услуг."
"demo-8","Аудитория","Посетитель, который выбирает указанную услугу или товар"
"demo-9","Ограничение","Не использовать реальные платежи, отзывы, рассылки и контактные данные"
